"dominant_dimension_label","n_occupations","n_workers","avg_incwage","median_incwage","avg_INR","avg_IR","avg_PNR","avg_PR"
"Mixed Tasks",42,518107,40660.5567537208,30000,0.399325770845029,0.118361653970636,0.247458214238961,0.234854360945375
"Primarily Interpersonal Non-Routine",33,725329,56618.1551158164,54000,0.657505510951174,0.0219670786026747,0.185769182343375,0.134758228102775
"Primarily Interpersonal Routine",3,3919,16203.1053840265,13000,0.0662535665406296,0.659289050236996,0.0149166454027388,0.259540737819636
"Primarily Personal Non-Routine",28,41489,60753.2297717467,52000,0.182750435435736,0,0.667135372916937,0.150114191647327
"Primarily Personal Routine",39,305124,22262.4713165795,21000,0.0654292204924754,0.15019614960371,0.0625511307925237,0.721823499111291
