"term","estimate","std.error","statistic","p.value","conf.low","conf.high"
"(Intercept)",57.7928024910097,10.4324478819213,5.53971638728822,1.4826797297501e-07,37.1646863420679,78.4209186399515
"INR",-20.8477247446164,16.2678983605153,-1.28152538715247,0.202158273099805,-53.014297794209,11.3188483049762
"IR",-0.607007611145617,39.2711526243493,-0.0154568320658165,0.987690047608895,-78.2579967947797,77.0439815724885
"PNR",-16.9278068313219,17.8594782875046,-0.947833221039016,0.344871188295148,-52.2414165079706,18.3858028453268
"PR",NA,NA,NA,NA,NA,NA
