Felten Dimension,Overall Slope
Image Recognition,0.10458434571679
Image Generation,0.34874237337464503
Instrumental Track Recognition,0.251156806264411
Language Modeling,0.11592270480404739
Reading Comprehension,0.04345769262050115
Speech Recognition,0.28142934041484124
Translation,0.03969970398126682
Real-Time Video Games,0.30214901110066755
Visual QA,0.05508399671871142
Drug Discovery,0.012708106831457434
Abstract Strategy Games,0.01626239903102948
