"primary_dimension_label","n_occupations","n_workers","avg_incwage","median_incwage","avg_DMNR","avg_DMR","avg_INR","avg_IR"
"Decision Making Non-Routine",5,39601,77969.1619908588,66000,0.660369614440273,0.114118129062031,0.210611447010012,0.0149008094876831
"Decision Making Routine",11,48655,31102.1416092899,30000,0.071210076667955,0.523793750042814,0.181792740504,0.223203432785231
"Interpersonal Non-Routine",24,913716,57486.1956450363,56000,0.333165327093545,0.11922788791548,0.512523010744062,0.0350837742469139
"Interpersonal Routine",1,477610,50275.6296853081,34000,NA,NA,NA,NA
