"primary_dimension_label","n_occupations","n_workers","avg_incwage","median_incwage","avg_IP_R_M","avg_IP_R_NM","avg_IP_NR_M","avg_IP_NR_NM","avg_P_R_M","avg_P_R_NM","avg_P_NR_M","avg_P_NR_NM"
"Interpersonal Non-Routine Manual",9,27832,41462.1274073009,40000,0.0596475260710673,0.0407489779099875,0.389189808622595,0.333025282043476,0.01966847427109,0.0462274842305024,0.068050044200137,0.0434424026511448
"Interpersonal Non-Routine Non-Manual",42,840410,58707.1039421235,55000,0.0216555279765237,0.0195174135985252,0.102472737544599,0.591493756305068,0.0210896365537494,0.038771128088942,0.0208695153597822,0.184130284572811
"Interpersonal Routine Manual",7,178417,28424.6075990517,27000,0.242866715562496,0.112211512632066,0.119869864312413,0.203129978921713,0.166647623774131,0.100881860878347,0.0361578026010227,0.0182346413178116
"Interpersonal Routine Non-Manual",8,105872,21769.2026598156,21600,0.00787409314998241,0.401787375806431,0.00999367722568852,0.121807058746023,0.0510135122499084,0.329301306363044,7.32016019344114e-05,0.0781497748569891
"Personal Non-Routine Manual",19,15950,41315.4451410658,40000,0.0181556180465917,0.00952575011195701,0.0395358242053998,0.0443144453837193,0.123856626914173,0.0834782502457971,0.578896077475683,0.10223740761668
"Personal Non-Routine Non-Manual",33,228148,37266.336141452,26500,0.00769753474428333,0.00995612915172719,0.0195601411262141,0.278314460261307,0.00332640062675982,0.0858289779100921,0.0144135164862272,0.580902839693389
"Personal Routine Manual",13,66967,16820.4884495348,15000,0.102230640172607,0.0792349419069063,0.0776023115244704,0.000425582749712545,0.625524174987028,0.036914156371044,0.0696423632220348,0.00842582906619666
"Personal Routine Non-Manual",14,130372,25729.3090387507,25000,0.0159859793370056,0.117988162445656,0,0.0604927501935435,0.0585755142420523,0.625241709423326,0.0117052980973148,0.110010586261102
