"dominant_dimension_label","n_occupations","n_workers","avg_incwage","median_incwage","avg_IP_R_M","avg_IP_R_NM","avg_IP_NR_M","avg_IP_NR_NM","avg_P_R_M","avg_P_R_NM","avg_P_NR_M","avg_P_NR_NM"
"Mixed Tasks",69,582954,32581.0668320313,25300,0.130139932942014,0.14180441801017,0.0828756541271161,0.281682723728339,0.0615595218072958,0.166457535445122,0.0410772457665406,0.0944029681734034
"Primarily Interpersonal Non-Routine Non-Manual",25,667278,56025.8393473185,54000,0.0133138747681689,0.0248372465649088,0.0992264349996361,0.654474299095521,0.0222059959445981,0.0444108244449326,0.0139468626789439,0.12758446150329
"Primarily Interpersonal Routine Non-Manual",2,2351,20551.2420246704,20000,0,0.744895789025946,0,0.0204168438962144,0.11734368353892,0.11734368353892,0,0
"Primarily Personal Non-Routine Manual",9,10659,43186.8880758045,42000,0.00295199153558286,0.00241840489518508,0.0224029977879579,0.0247324887214084,0.120263732743364,0.11432992682789,0.604314755153928,0.108585702334684
"Primarily Personal Non-Routine Non-Manual",23,146892,71606.6082427906,60000,0,0.000166669069392319,0.00296607390942043,0.386192293420369,0,0.0198458955447483,0.00169255228705943,0.58913651576901
"Primarily Personal Routine Manual",7,64099,16593.3858562536,15000,0.0557423298617756,0.0612799248108783,0,0,0.805978164150633,0.00413783006335153,0.0728617511133619,0
"Primarily Personal Routine Non-Manual",10,119735,25401.4141061511,25000,0.0257902868835345,0.0818466375149885,0,0.0466284175172554,0.0158986511880402,0.742553993243015,0.0194634679361367,0.0678185457170298
