"term","estimate","std.error","statistic","p.value","conf.low","conf.high"
"(Intercept)",0.167534535043757,0.0576549160017385,2.90581526540955,0.00426371995817809,0.0535405194177589,0.281528550669755
"PC1",-0.102910793317204,0.0389934188765099,-2.63918364386354,0.00925943113177733,-0.18000771252156,-0.0258138741128486
"PC2",-0.141654137694073,0.0464467063331265,-3.04982094269713,0.00274258305462843,-0.233487530831874,-0.0498207445562713
"PC3",0.0622248279787191,0.0489129625168165,1.27215414436052,0.205442475042088,-0.0344847919483607,0.158934447905799
"PC4",-0.111424365094062,0.0594020455666259,-1.87576646614108,0.0627846287789206,-0.228872766377554,0.0060240361894305
