"term","estimate","std.error","statistic","p.value","conf.low","conf.high"
"(Intercept)",0.134929334433504,0.0575616395284479,2.34408428145657,0.0205113635983163,0.0211051517983195,0.248753517068688
"PC1",-0.105204909599259,0.0388358732031704,-2.70896212501462,0.00761118457023851,-0.18200017742845,-0.0284096417700675
"PC2",-0.113930193866872,0.0464414929396329,-2.45319835034082,0.0154153485440727,-0.205765051551891,-0.0220953361818527
"PC3",-0.108168765221787,0.0489288970080473,-2.21073377566629,0.0287129059092624,-0.204922293349312,-0.0114152370942629
"PC4",0.138848248238776,0.0590471594110882,2.35148057287751,0.020124000169058,0.022086552221154,0.255609944256397
