"term","estimate","std.error","statistic","p.value","conf.low","conf.high"
"(Intercept)",0.343188532382633,0.0222522798204848,15.4226234413385,9.66760769818111e-32,0.299186179720591,0.387190885044675
"PC1",0.0301716011312475,0.0150132401486361,2.0096661901454,0.0464305155889487,0.000483951463456294,0.0598592507990386
"PC2",0.00832908755627645,0.017953433999444,0.463927266312081,0.643436153486812,-0.0271725932023388,0.0438307683148917
"PC3",0.00312066942162891,0.0189150190378552,0.164983678598653,0.869200018473868,-0.0342824796052291,0.0405238184484869
"PC4",-0.00532945582593447,0.0228265547087299,-0.233476137504721,0.815740194955373,-0.050467397576437,0.039808485924568
